t_s,Vin,Vout
0.000000000000000000e+00,0.000000000000000000e+00,1.799999989795245448e+00
9.999999999999999799e-13,0.000000000000000000e+00,1.799999989795245892e+00
2.500000000000000253e-12,0.000000000000000000e+00,1.799999989795246114e+00
4.750000000000000561e-12,0.000000000000000000e+00,1.799999989795246558e+00
8.125000000000001023e-12,0.000000000000000000e+00,1.799999989795244781e+00
1.312499999999999991e-11,0.000000000000000000e+00,1.799999989795245670e+00
1.812499999999999880e-11,0.000000000000000000e+00,1.799999989795245670e+00
2.312499999999999769e-11,0.000000000000000000e+00,1.799999989795246780e+00
2.812499999999999658e-11,0.000000000000000000e+00,1.799999989795247668e+00
3.312499999999999547e-11,0.000000000000000000e+00,1.799999989795248112e+00
3.812499999999999759e-11,0.000000000000000000e+00,1.799999989795247446e+00
4.312499999999999971e-11,0.000000000000000000e+00,1.799999989795248112e+00
4.812500000000000183e-11,0.000000000000000000e+00,1.799999989795247446e+00
5.312500000000000395e-11,0.000000000000000000e+00,1.799999989795246780e+00
5.812500000000000608e-11,0.000000000000000000e+00,1.799999989795245892e+00
6.312500000000000173e-11,0.000000000000000000e+00,1.799999989795246336e+00
6.812499999999999739e-11,0.000000000000000000e+00,1.799999989795245003e+00
7.312499999999999305e-11,0.000000000000000000e+00,1.799999989795246114e+00
7.812499999999998871e-11,0.000000000000000000e+00,1.799999989795246780e+00
8.312499999999998437e-11,0.000000000000000000e+00,1.799999989795247890e+00
8.812499999999998003e-11,0.000000000000000000e+00,1.799999989795247002e+00
9.312499999999997569e-11,0.000000000000000000e+00,1.799999989795247668e+00
9.812499999999997134e-11,0.000000000000000000e+00,1.799999989795247224e+00
1.031249999999999670e-10,0.000000000000000000e+00,1.799999989795247224e+00
1.081249999999999627e-10,0.000000000000000000e+00,1.799999989795247224e+00
1.131249999999999583e-10,0.000000000000000000e+00,1.799999989795247668e+00
1.181249999999999669e-10,0.000000000000000000e+00,1.799999989795247224e+00
1.231249999999999755e-10,0.000000000000000000e+00,1.799999989795247668e+00
1.281249999999999841e-10,0.000000000000000000e+00,1.799999989795245670e+00
1.331249999999999927e-10,0.000000000000000000e+00,1.799999989795245448e+00
1.381250000000000012e-10,0.000000000000000000e+00,1.799999989795246114e+00
1.431250000000000098e-10,0.000000000000000000e+00,1.799999989795246336e+00
1.441250000000000064e-10,0.000000000000000000e+00,1.799999989795246558e+00
1.451250000000000029e-10,0.000000000000000000e+00,1.799999989795246558e+00
1.461249999999999995e-10,0.000000000000000000e+00,1.799999989795245670e+00
1.471249999999999960e-10,0.000000000000000000e+00,1.799999989795245892e+00
1.481249999999999926e-10,0.000000000000000000e+00,1.799999989795246114e+00
1.491249999999999891e-10,0.000000000000000000e+00,1.799999989795245448e+00
1.501249999999999856e-10,1.124999999999879916e-02,1.800830212663682817e+00
1.511249999999999822e-10,1.012499999999984940e-01,1.807559578530798294e+00
1.521249999999999787e-10,1.912499999999981992e-01,1.814957958528500503e+00
1.531249999999999753e-10,2.812499999999978906e-01,1.822209254239923970e+00
1.541249999999999718e-10,3.712499999999975819e-01,1.829118868095058525e+00
1.551249999999999684e-10,4.612499999999973288e-01,1.835567795036870065e+00
1.561249999999999649e-10,5.512499999999970202e-01,1.841241165805091562e+00
1.571249999999999615e-10,6.412499999999966560e-01,1.845675665312660918e+00
1.581249999999999580e-10,7.312499999999964029e-01,1.848428491313031108e+00
1.591249999999999546e-10,8.212499999999960387e-01,1.849171473101136165e+00
1.601249999999999511e-10,9.112499999999956746e-01,1.847682693931156361e+00
1.611249999999999477e-10,1.001249999999995532e+00,1.843799930952960020e+00
1.621249999999999442e-10,1.091249999999995168e+00,1.837367148276527695e+00
1.631249999999999408e-10,1.181249999999994804e+00,1.828184890333423684e+00
1.641249999999999373e-10,1.271249999999994440e+00,1.815954795686404610e+00
1.651249999999999338e-10,1.361249999999994076e+00,1.800212665457819439e+00
1.661249999999999304e-10,1.451249999999993934e+00,1.780367532668058139e+00
1.671249999999999269e-10,1.541249999999993570e+00,1.756001137394841205e+00
1.681249999999999235e-10,1.631249999999993427e+00,1.727121790279511293e+00
1.691249999999999200e-10,1.721249999999993063e+00,1.693985731541760131e+00
1.701249999999999166e-10,1.800000000000000044e+00,1.656583253799875699e+00
1.711249999999999131e-10,1.800000000000000044e+00,1.613846115821373939e+00
1.721249999999999097e-10,1.800000000000000044e+00,1.570238340247309239e+00
1.731249999999999062e-10,1.800000000000000044e+00,1.526406105825786730e+00
1.741249999999999028e-10,1.800000000000000044e+00,1.482564200381067732e+00
1.751249999999998993e-10,1.800000000000000044e+00,1.438781337577311747e+00
1.761249999999998959e-10,1.800000000000000044e+00,1.395077192426392276e+00
1.771249999999998924e-10,1.800000000000000044e+00,1.351460799692064452e+00
1.781249999999998890e-10,1.800000000000000044e+00,1.307941421046988406e+00
1.791249999999998855e-10,1.800000000000000044e+00,1.264532730842953479e+00
1.801249999999998820e-10,1.800000000000000044e+00,1.221251874048236097e+00
1.811249999999998786e-10,1.800000000000000044e+00,1.178118572146544363e+00
1.821249999999998751e-10,1.800000000000000044e+00,1.135156185883781088e+00
1.831249999999998717e-10,1.800000000000000044e+00,1.092394444357037475e+00
1.841249999999998682e-10,1.800000000000000044e+00,1.049865554095781528e+00
1.851249999999998648e-10,1.800000000000000044e+00,1.007607392099012955e+00
1.861249999999998613e-10,1.800000000000000044e+00,9.656648374765366416e-01
1.871249999999998579e-10,1.800000000000000044e+00,9.240901307283529986e-01
1.881249999999998544e-10,1.800000000000000044e+00,8.829431344435056950e-01
1.891249999999998510e-10,1.800000000000000044e+00,8.422923267392020685e-01
1.901249999999998475e-10,1.800000000000000044e+00,8.022112963582882506e-01
1.911249999999998441e-10,1.800000000000000044e+00,7.627785889840602573e-01
1.921249999999998406e-10,1.800000000000000044e+00,7.240765250836482814e-01
1.931249999999998372e-10,1.800000000000000044e+00,6.861891902439385404e-01
1.941249999999998337e-10,1.800000000000000044e+00,6.491999017427714236e-01
1.951249999999998303e-10,1.800000000000000044e+00,6.131894541976927737e-01
1.961249999999998268e-10,1.800000000000000044e+00,5.782335140567694820e-01
1.971249999999998233e-10,1.800000000000000044e+00,5.444009367357784956e-01
1.981249999999998199e-10,1.800000000000000044e+00,5.117536870399853610e-01
1.991249999999998164e-10,1.800000000000000044e+00,4.803425934701767153e-01
2.001249999999998130e-10,1.800000000000000044e+00,4.502084557187184810e-01
2.011249999999998095e-10,1.800000000000000044e+00,4.213813008293398332e-01
2.021249999999998061e-10,1.800000000000000044e+00,3.938805679166417217e-01
2.031249999999998026e-10,1.800000000000000044e+00,3.677149686851109989e-01
2.041249999999997992e-10,1.800000000000000044e+00,3.428825409350735876e-01
2.051249999999997957e-10,1.800000000000000044e+00,3.193716408843887411e-01
2.061249999999997923e-10,1.800000000000000044e+00,2.971626368259930318e-01
2.071249999999997888e-10,1.800000000000000044e+00,2.762286028718399788e-01
2.081249999999997854e-10,1.800000000000000044e+00,2.565357597524760558e-01
2.091249999999997819e-10,1.800000000000000044e+00,2.380454396379569626e-01
2.101249999999997785e-10,1.800000000000000044e+00,2.207148643393383458e-01
2.111249999999997750e-10,1.800000000000000044e+00,2.044980178102876467e-01
2.121249999999997715e-10,1.800000000000000044e+00,1.893461838863885194e-01
2.131249999999997681e-10,1.800000000000000044e+00,1.752090143611710338e-01
2.141249999999997646e-10,1.800000000000000044e+00,1.620355667474019101e-01
2.151249999999997612e-10,1.800000000000000044e+00,1.497749093917828400e-01
2.161249999999997577e-10,1.800000000000000044e+00,1.383765949758108960e-01
2.171249999999997543e-10,1.800000000000000044e+00,1.277909205298802253e-01
2.181249999999997508e-10,1.800000000000000044e+00,1.179690787363386478e-01
2.191249999999997474e-10,1.800000000000000044e+00,1.088634768474099901e-01
2.201249999999997439e-10,1.800000000000000044e+00,1.004282294860294605e-01
2.211249999999997405e-10,1.800000000000000044e+00,9.261952095188064060e-02
2.221249999999997370e-10,1.800000000000000044e+00,8.539535455616265036e-02
2.231249999999997336e-10,1.800000000000000044e+00,7.871576029818376508e-02
2.241249999999997301e-10,1.800000000000000044e+00,7.254283011102546919e-02
2.251249999999997267e-10,1.800000000000000044e+00,6.684093634964322073e-02
2.261249999999997232e-10,1.800000000000000044e+00,6.157650081140345066e-02
2.271249999999997197e-10,1.800000000000000044e+00,5.671787458040077751e-02
2.281249999999997163e-10,1.800000000000000044e+00,5.223532879859806716e-02
2.291249999999997128e-10,1.800000000000000044e+00,4.810099211656670287e-02
2.301249999999997094e-10,1.800000000000000044e+00,4.428884093674926442e-02
2.311249999999997059e-10,1.800000000000000044e+00,4.077464630455526762e-02
2.321249999999997025e-10,1.800000000000000044e+00,3.753584767413704198e-02
2.331249999999996990e-10,1.800000000000000044e+00,3.455152490511964603e-02
2.341249999999996956e-10,1.800000000000000044e+00,3.180220111737339095e-02
2.351249999999996921e-10,1.800000000000000044e+00,2.926977782023365560e-02
2.361249999999996887e-10,1.800000000000000044e+00,2.693749919592274000e-02
2.371249999999996852e-10,1.800000000000000044e+00,2.478981249728018366e-02
2.381249999999996818e-10,1.800000000000000044e+00,2.281231653643102028e-02
2.391249999999996783e-10,1.800000000000000044e+00,2.099169979012188367e-02
2.401249999999996749e-10,1.800000000000000044e+00,1.931566999748256935e-02
2.411249999999996714e-10,1.800000000000000044e+00,1.777287166012193886e-02
2.421249999999996679e-10,1.800000000000000044e+00,1.635281420780332687e-02
2.431249999999996645e-10,1.800000000000000044e+00,1.504581358196334200e-02
2.441249999999996610e-10,1.800000000000000044e+00,1.384293705343996733e-02
2.451249999999996576e-10,1.800000000000000044e+00,1.273595019540677865e-02
2.461249999999996541e-10,1.800000000000000044e+00,1.171725764268040544e-02
2.471249999999996507e-10,1.800000000000000044e+00,1.077985540909143052e-02
2.481249999999996472e-10,1.800000000000000044e+00,9.917288439719965099e-03
2.491249999999996438e-10,1.800000000000000044e+00,9.123609049431187848e-03
2.501249999999996403e-10,1.800000000000000044e+00,8.393339521327305638e-03
2.511249999999996369e-10,1.800000000000000044e+00,7.721432960077058080e-03
2.521249999999996334e-10,1.800000000000000044e+00,7.103239843091303275e-03
2.531249999999996300e-10,1.800000000000000044e+00,6.534478313819114606e-03
2.541249999999996265e-10,1.800000000000000044e+00,6.011206565554270791e-03
2.551249999999996231e-10,1.800000000000000044e+00,5.529795623544413695e-03
2.561249999999996196e-10,1.800000000000000044e+00,5.086903657909653230e-03
2.571249999999996161e-10,1.800000000000000044e+00,4.679454908288958360e-03
2.581249999999996127e-10,1.800000000000000044e+00,4.304617788433186092e-03
2.591249999999996092e-10,1.800000000000000044e+00,3.959786207931855623e-03
2.601249999999996058e-10,1.800000000000000044e+00,3.642561825088635324e-03
2.611249999999996023e-10,1.800000000000000044e+00,3.350737080198136660e-03
2.621249999999995989e-10,1.800000000000000044e+00,3.082280452624684003e-03
2.631249999999995954e-10,1.800000000000000044e+00,2.835322552905044161e-03
2.641249999999995920e-10,1.800000000000000044e+00,2.608143250150416273e-03
2.651249999999995885e-10,1.800000000000000044e+00,2.399159853679996585e-03
2.661249999999995851e-10,1.800000000000000044e+00,2.206916225380549899e-03
2.671249999999995816e-10,1.800000000000000044e+00,2.030072480378003388e-03
2.681249999999995782e-10,1.800000000000000044e+00,1.867395736726065562e-03
2.691249999999995747e-10,1.800000000000000044e+00,1.717751675919451486e-03
2.701249999999995713e-10,1.800000000000000044e+00,1.580096703582051145e-03
2.711249999999995678e-10,1.800000000000000044e+00,1.453470711247572232e-03
2.721249999999995644e-10,1.800000000000000044e+00,1.336990410919391969e-03
2.731249999999995609e-10,1.800000000000000044e+00,1.229843199535658391e-03
2.741249999999995574e-10,1.800000000000000044e+00,1.131281512954664895e-03
2.751249999999995540e-10,1.800000000000000044e+00,1.040617641012064583e-03
2.761249999999995505e-10,1.800000000000000044e+00,9.572189289631436284e-04
2.771249999999995471e-10,1.800000000000000044e+00,8.805033488235382332e-04
2.781249999999995436e-10,1.800000000000000044e+00,8.099354723984417788e-04
2.791249999999995402e-10,1.800000000000000044e+00,7.450227481459860499e-04
2.801249999999995367e-10,1.800000000000000044e+00,6.853120713528805140e-04
2.811249999999995333e-10,1.800000000000000044e+00,6.303866276374320765e-04
2.821249999999995298e-10,1.800000000000000044e+00,5.798629885429864000e-04
2.831249999999995264e-10,1.800000000000000044e+00,5.333884393011906764e-04
2.841249999999995229e-10,1.800000000000000044e+00,4.906385205005538456e-04
2.851249999999995195e-10,1.800000000000000044e+00,4.513147649950423790e-04
2.861249999999995160e-10,1.800000000000000044e+00,4.151426167501762296e-04
2.871249999999995126e-10,1.800000000000000044e+00,3.818695161469592785e-04
2.881249999999995091e-10,1.800000000000000044e+00,3.512631386898582508e-04
2.891249999999995056e-10,1.800000000000000044e+00,3.231097744993111738e-04
2.901249999999995022e-10,1.800000000000000044e+00,2.972128374080052295e-04
2.911249999999994987e-10,1.800000000000000044e+00,2.733914933743693525e-04
2.921249999999994953e-10,1.800000000000000044e+00,2.514793986754070682e-04
2.931249999999994918e-10,1.800000000000000044e+00,2.313235391157686773e-04
2.941249999999994884e-10,1.800000000000000044e+00,2.127831621213888494e-04
2.951249999999994849e-10,1.800000000000000044e+00,1.957287943588320697e-04
2.961249999999994815e-10,1.800000000000000044e+00,1.800413380695464304e-04
2.971249999999994780e-10,1.800000000000000044e+00,1.656112397933444391e-04
2.981249999999994746e-10,1.800000000000000044e+00,1.523377256660796370e-04
2.991249999999994711e-10,1.800000000000000044e+00,1.401280979436744355e-04
3.001249999999994677e-10,1.800000000000000044e+00,1.288970878774667740e-04
3.016249999999994625e-10,1.800000000000000044e+00,1.139979414306794387e-04
3.038749999999994806e-10,1.800000000000000044e+00,9.531259489594530161e-05
3.072499999999994818e-10,1.800000000000000044e+00,7.365404327772772503e-05
3.122499999999994646e-10,1.800000000000000044e+00,5.130461491504134625e-05
3.172499999999994473e-10,1.800000000000000044e+00,3.573756078836652248e-05
3.222499999999994300e-10,1.800000000000000044e+00,2.489464774652938695e-05
3.272499999999994128e-10,1.800000000000000044e+00,1.734224397306885352e-05
3.322499999999993955e-10,1.800000000000000044e+00,1.208177800462644135e-05
3.372499999999993782e-10,1.800000000000000044e+00,8.417713701479960566e-06
3.422499999999993610e-10,1.800000000000000044e+00,5.865589183576563942e-06
3.472499999999993437e-10,1.800000000000000044e+00,4.087962481959913037e-06
3.522499999999993264e-10,1.800000000000000044e+00,2.849795484768994046e-06
3.572499999999993092e-10,1.800000000000000044e+00,1.987377409299088098e-06
3.622499999999992919e-10,1.800000000000000044e+00,1.386679038922942536e-06
3.672499999999992746e-10,1.800000000000000044e+00,9.682757964358697962e-07
3.722499999999992574e-10,1.800000000000000044e+00,6.768462237622464179e-07
3.772499999999992401e-10,1.800000000000000044e+00,4.738573707726223980e-07
3.822499999999992228e-10,1.800000000000000044e+00,3.324699563396549819e-07
3.872499999999992056e-10,1.800000000000000044e+00,2.339896670487617041e-07
3.922499999999991883e-10,1.800000000000000044e+00,1.653953911270327028e-07
3.972499999999991710e-10,1.800000000000000044e+00,1.176175594617396591e-07
4.022499999999991538e-10,1.800000000000000044e+00,8.433896392265552913e-08
4.072499999999991365e-10,1.800000000000000044e+00,6.115949160989051566e-08
4.122499999999991192e-10,1.800000000000000044e+00,4.501434117935321938e-08
4.172499999999991020e-10,1.800000000000000044e+00,3.376879327458748109e-08
4.222499999999990847e-10,1.800000000000000044e+00,2.593595433930019637e-08
4.272499999999990674e-10,1.800000000000000044e+00,2.048016334340886313e-08
4.322499999999990502e-10,1.800000000000000044e+00,1.668005233656354989e-08
4.372499999999990329e-10,1.800000000000000044e+00,1.403316851144968161e-08
4.422499999999990156e-10,1.800000000000000044e+00,1.218953949642325523e-08
4.472499999999989984e-10,1.800000000000000044e+00,1.090540092086732778e-08
4.522499999999989811e-10,1.800000000000000044e+00,1.001096198564536630e-08
4.572499999999989638e-10,1.800000000000000044e+00,9.387960991635748399e-09
4.622499999999989466e-10,1.800000000000000044e+00,8.954023675428642506e-09
4.632499999999989431e-10,1.800000000000000044e+00,8.874192503425198486e-09
4.642499999999989397e-10,1.800000000000000044e+00,8.800760444769178903e-09
4.652499999999989362e-10,1.800000000000000044e+00,8.733214114591116873e-09
4.662499999999989845e-10,1.800000000000000044e+00,8.671081425810834122e-09
4.672499999999989810e-10,1.800000000000000044e+00,8.613929379003902054e-09
4.682499999999989776e-10,1.800000000000000044e+00,8.561358912498606366e-09
4.692499999999989741e-10,1.800000000000000044e+00,8.513000835884271343e-09
4.702499999999989707e-10,1.777500000000090896e+00,-1.394213716012573066e-03
4.712499999999989672e-10,1.687500000000091260e+00,-7.013141129470422744e-03
4.722499999999989637e-10,1.597500000000091402e+00,-1.268133620360958197e-02
4.732499999999989603e-10,1.507500000000091767e+00,-1.801249317434061581e-02
4.742499999999989568e-10,1.417500000000092131e+00,-2.299438589484581810e-02
4.752499999999989534e-10,1.327500000000092495e+00,-2.762422904501460677e-02
4.762499999999989499e-10,1.237500000000092859e+00,-3.174863388466571401e-02
4.772499999999989465e-10,1.147500000000093001e+00,-3.502283561321906102e-02
4.782499999999989430e-10,1.057500000000093365e+00,-3.699570338434712141e-02
4.792499999999989396e-10,9.675000000000937295e-01,-3.723599755618539620e-02
4.802499999999989361e-10,8.775000000000938716e-01,-3.539980284792407922e-02
4.812499999999989327e-10,7.875000000000941247e-01,-3.122414871740187073e-02
4.822499999999989292e-10,6.975000000000944889e-01,-2.447961761847597395e-02
4.832499999999989258e-10,6.075000000000947420e-01,-1.490169617503507744e-02
4.842499999999989223e-10,5.175000000000951061e-01,-2.115054252320696347e-03
4.852499999999989189e-10,4.275000000000954148e-01,1.443127747713677904e-02
4.862499999999989154e-10,3.375000000000957234e-01,3.528181218569958338e-02
4.872499999999989119e-10,2.475000000000960598e-01,6.057555013271251343e-02
4.882499999999989085e-10,1.575000000000963685e-01,9.011089483149550827e-02
4.892499999999989050e-10,6.750000000009669099e-02,1.236502368872123975e-01
4.902499999999989016e-10,0.000000000000000000e+00,1.616651973835818157e-01
4.912499999999988981e-10,0.000000000000000000e+00,2.047651078417772885e-01
4.922499999999988947e-10,0.000000000000000000e+00,2.490823452126442739e-01
4.932499999999988912e-10,0.000000000000000000e+00,2.938507402344580632e-01
4.942499999999988878e-10,0.000000000000000000e+00,3.387091231586536466e-01
4.952499999999988843e-10,0.000000000000000000e+00,3.834915399502940025e-01
4.962499999999988809e-10,0.000000000000000000e+00,4.281228605749127780e-01
4.972499999999988774e-10,0.000000000000000000e+00,4.725658885145038179e-01
4.982499999999988740e-10,0.000000000000000000e+00,5.167956776723047208e-01
4.992499999999988705e-10,0.000000000000000000e+00,5.607894846938608069e-01
5.002499999999988671e-10,0.000000000000000000e+00,6.045222903917143453e-01
5.012499999999988636e-10,0.000000000000000000e+00,6.479644988603145972e-01
5.022499999999988601e-10,0.000000000000000000e+00,6.910794484229013657e-01
5.032499999999988567e-10,0.000000000000000000e+00,7.338258945568926217e-01
5.042499999999988532e-10,0.000000000000000000e+00,7.761565957631025858e-01
5.052499999999988498e-10,0.000000000000000000e+00,8.180183925256552246e-01
5.062499999999988463e-10,0.000000000000000000e+00,8.593530953419755702e-01
5.072499999999988429e-10,0.000000000000000000e+00,9.000983529794779336e-01
5.082499999999988394e-10,0.000000000000000000e+00,9.401885029509452485e-01
5.092499999999988360e-10,0.000000000000000000e+00,9.795576071371543403e-01
5.102499999999988325e-10,0.000000000000000000e+00,1.018139304232386300e+00
5.112499999999988291e-10,0.000000000000000000e+00,1.055868316059745071e+00
5.122499999999988256e-10,0.000000000000000000e+00,1.092681784316598792e+00
5.132499999999988222e-10,0.000000000000000000e+00,1.128520499559007906e+00
5.142499999999988187e-10,0.000000000000000000e+00,1.163329907982982192e+00
5.152499999999988153e-10,0.000000000000000000e+00,1.197061020921081242e+00
5.162499999999988118e-10,0.000000000000000000e+00,1.229671055468501972e+00
5.172499999999988083e-10,0.000000000000000000e+00,1.261124827555519357e+00
5.182499999999988049e-10,0.000000000000000000e+00,1.291395036537851482e+00
5.192499999999988014e-10,0.000000000000000000e+00,1.320462207192797166e+00
5.202499999999987980e-10,0.000000000000000000e+00,1.348314836087548985e+00
5.212499999999987945e-10,0.000000000000000000e+00,1.374949189945495753e+00
5.222499999999987911e-10,0.000000000000000000e+00,1.400368694466188613e+00
5.232499999999987876e-10,0.000000000000000000e+00,1.424583372134219594e+00
5.242499999999987842e-10,0.000000000000000000e+00,1.447609710351057233e+00
5.252499999999987807e-10,0.000000000000000000e+00,1.469469511167396325e+00
5.262499999999987773e-10,0.000000000000000000e+00,1.490189297484005637e+00
5.272499999999987738e-10,0.000000000000000000e+00,1.509799907465971369e+00
5.282499999999987704e-10,0.000000000000000000e+00,1.528335260508942195e+00
5.292499999999987669e-10,0.000000000000000000e+00,1.545831828587624468e+00
5.302499999999987635e-10,0.000000000000000000e+00,1.562327989548278229e+00
5.312499999999987600e-10,0.000000000000000000e+00,1.577863416009099407e+00
5.322499999999987566e-10,0.000000000000000000e+00,1.592478733764395304e+00
5.332499999999987531e-10,0.000000000000000000e+00,1.606215039793304600e+00
5.342499999999987496e-10,0.000000000000000000e+00,1.619113544855333986e+00
5.352499999999987462e-10,0.000000000000000000e+00,1.631215143857858818e+00
5.362499999999987427e-10,0.000000000000000000e+00,1.642560204957224101e+00
5.372499999999987393e-10,0.000000000000000000e+00,1.653188423538729301e+00
5.382499999999987358e-10,0.000000000000000000e+00,1.663138422182830034e+00
5.392499999999987324e-10,0.000000000000000000e+00,1.672447759147252411e+00
5.402499999999987289e-10,0.000000000000000000e+00,1.681152740694609848e+00
5.412499999999987255e-10,0.000000000000000000e+00,1.689288363419822803e+00
5.422499999999987220e-10,0.000000000000000000e+00,1.696888198291202965e+00
5.432499999999987186e-10,0.000000000000000000e+00,1.703984387988092930e+00
5.442499999999987151e-10,0.000000000000000000e+00,1.710607643667335198e+00
5.452499999999987117e-10,0.000000000000000000e+00,1.716787205317100939e+00
5.462499999999987082e-10,0.000000000000000000e+00,1.722550847622400960e+00
5.472499999999987048e-10,0.000000000000000000e+00,1.727924883221650720e+00
5.482499999999987013e-10,0.000000000000000000e+00,1.732934187128492676e+00
5.492499999999986978e-10,0.000000000000000000e+00,1.737602261864808817e+00
5.502499999999986944e-10,0.000000000000000000e+00,1.741951295378222797e+00
5.512499999999986909e-10,0.000000000000000000e+00,1.746002205430509990e+00
5.522499999999986875e-10,0.000000000000000000e+00,1.749774674697880394e+00
5.532499999999986840e-10,0.000000000000000000e+00,1.753287194972126262e+00
5.542499999999986806e-10,0.000000000000000000e+00,1.756557135306227480e+00
5.552499999999986771e-10,0.000000000000000000e+00,1.759600792488237975e+00
5.562499999999986737e-10,0.000000000000000000e+00,1.762433437702196626e+00
5.572499999999986702e-10,0.000000000000000000e+00,1.765069356571743686e+00
5.582499999999986668e-10,0.000000000000000000e+00,1.767521912544808504e+00
5.592499999999986633e-10,0.000000000000000000e+00,1.769803613033565037e+00
5.602499999999986599e-10,0.000000000000000000e+00,1.771926154387788221e+00
5.612499999999986564e-10,0.000000000000000000e+00,1.773900468053200452e+00
5.622499999999986530e-10,0.000000000000000000e+00,1.775736759560388567e+00
5.632499999999986495e-10,0.000000000000000000e+00,1.777444552778552511e+00
5.642499999999986460e-10,0.000000000000000000e+00,1.779032734778475788e+00
5.652499999999986426e-10,0.000000000000000000e+00,1.780509595694431013e+00
5.662499999999986391e-10,0.000000000000000000e+00,1.781882864308132142e+00
5.672499999999986357e-10,0.000000000000000000e+00,1.783159742175714824e+00
5.682499999999986322e-10,0.000000000000000000e+00,1.784346940028619821e+00
5.692499999999986288e-10,0.000000000000000000e+00,1.785450709046228601e+00
5.702499999999986253e-10,0.000000000000000000e+00,1.786476872810517369e+00
5.712499999999986219e-10,0.000000000000000000e+00,1.787430854701750560e+00
5.722499999999986184e-10,0.000000000000000000e+00,1.788317704083836279e+00
5.732499999999986150e-10,0.000000000000000000e+00,1.789142120608802955e+00
5.742499999999986115e-10,0.000000000000000000e+00,1.789908478353635868e+00
5.752499999999986081e-10,0.000000000000000000e+00,1.790620848310678026e+00
5.762499999999986046e-10,0.000000000000000000e+00,1.791283018812919403e+00
5.772499999999986012e-10,0.000000000000000000e+00,1.791898514670247522e+00
5.782499999999985977e-10,0.000000000000000000e+00,1.792470614991511502e+00
5.792499999999985942e-10,0.000000000000000000e+00,1.793002369794249207e+00
5.802499999999985908e-10,0.000000000000000000e+00,1.793496616154388601e+00
5.812499999999985873e-10,0.000000000000000000e+00,1.793955993020694528e+00
5.822499999999985839e-10,0.000000000000000000e+00,1.794382954817895559e+00
5.832499999999985804e-10,0.000000000000000000e+00,1.794779784045400062e+00
5.842499999999985770e-10,0.000000000000000000e+00,1.795148603068243531e+00
5.852499999999985735e-10,0.000000000000000000e+00,1.795491385351441593e+00
5.862499999999985701e-10,0.000000000000000000e+00,1.795809965925768914e+00
5.872499999999985666e-10,0.000000000000000000e+00,1.796106050870789117e+00
5.882499999999985632e-10,0.000000000000000000e+00,1.796381226400109332e+00
5.892499999999985597e-10,0.000000000000000000e+00,1.796636967248393946e+00
5.902499999999985563e-10,0.000000000000000000e+00,1.796874644353249506e+00
5.912499999999985528e-10,0.000000000000000000e+00,1.797095532214749714e+00
5.922499999999985494e-10,0.000000000000000000e+00,1.797300815636458271e+00
5.932499999999985459e-10,0.000000000000000000e+00,1.797491595983880419e+00
5.942499999999985425e-10,0.000000000000000000e+00,1.797668897029952806e+00
5.952499999999985390e-10,0.000000000000000000e+00,1.797833670399458628e+00
5.962499999999985355e-10,0.000000000000000000e+00,1.797986800634012949e+00
5.972499999999985321e-10,0.000000000000000000e+00,1.798129109888770838e+00
5.982499999999985286e-10,0.000000000000000000e+00,1.798261362347193471e+00
5.992499999999985252e-10,0.000000000000000000e+00,1.798384268302518629e+00
6.002499999999985217e-10,0.000000000000000000e+00,1.798498487948265057e+00
6.012499999999985183e-10,0.000000000000000000e+00,1.798604634894822585e+00
6.022499999999985148e-10,0.000000000000000000e+00,1.798703279447449122e+00
6.032499999999985114e-10,0.000000000000000000e+00,1.798794951656330188e+00
6.042499999999985079e-10,0.000000000000000000e+00,1.798880144152968263e+00
6.052499999999985045e-10,0.000000000000000000e+00,1.798959314787484942e+00
6.062499999999985010e-10,0.000000000000000000e+00,1.799032889080617537e+00
6.072499999999984976e-10,0.000000000000000000e+00,1.799101262503052689e+00
6.082499999999984941e-10,0.000000000000000000e+00,1.799164802593064438e+00
6.092499999999984907e-10,0.000000000000000000e+00,1.799223850930413926e+00
6.102499999999984872e-10,0.000000000000000000e+00,1.799278724969576748e+00
6.112499999999984837e-10,0.000000000000000000e+00,1.799329719739930056e+00
6.122499999999984803e-10,0.000000000000000000e+00,1.799377109427869881e+00
6.132499999999984768e-10,0.000000000000000000e+00,1.799421148847930807e+00
6.142499999999984734e-10,0.000000000000000000e+00,1.799462074810311174e+00
6.152499999999984699e-10,0.000000000000000000e+00,1.799500107392229653e+00
6.162499999999984665e-10,0.000000000000000000e+00,1.799535451119451457e+00
6.172499999999984630e-10,0.000000000000000000e+00,1.799568296064476769e+00
6.182499999999984596e-10,0.000000000000000000e+00,1.799598818867336636e+00
6.192499999999984561e-10,0.000000000000000000e+00,1.799627183684356480e+00
6.202499999999984527e-10,0.000000000000000000e+00,1.799653543070045103e+00
6.217499999999984992e-10,0.000000000000000000e+00,1.799689032089795804e+00
6.239999999999984656e-10,0.000000000000000000e+00,1.799734484818966251e+00
6.273749999999984668e-10,0.000000000000000000e+00,1.799788733800706364e+00
6.323749999999984496e-10,0.000000000000000000e+00,1.799846954225484241e+00
6.373749999999984323e-10,0.000000000000000000e+00,1.799889129776364172e+00
6.399999999999999613e-10,0.000000000000000000e+00,1.799907585757031248e+00
