Vin,Vout,Idd_A
0.000000000000000000e+00,1.799999989795245448e+00,9.657849434540401252e-12
2.000000000000000042e-02,1.799999980858639326e+00,1.798814057126950031e-11
4.000000000000000083e-02,1.799999964046653522e+00,3.354441579813211405e-11
5.999999999999999778e-02,1.799999932395321078e+00,6.261156043937320269e-11
8.000000000000000167e-02,1.799999872767989340e+00,1.169493713614473990e-10
1.000000000000000056e-01,1.799999760377496871e+00,2.185631905204861450e-10
1.199999999999999956e-01,1.799999548449112030e+00,4.086254492859220276e-10
1.400000000000000133e-01,1.799999148726304066e+00,7.641447047836600930e-10
1.600000000000000033e-01,1.799998394748665964e+00,1.429066267058474851e-09
1.799999999999999933e-01,1.799996972804058348e+00,2.672173877845164108e-09
2.000000000000000111e-01,1.799994292480808111e+00,4.994531822597603921e-09
2.200000000000000011e-01,1.799989245124250514e+00,9.327829036188591930e-09
2.399999999999999911e-01,1.799979756533252040e+00,1.739755562458195025e-08
2.600000000000000089e-01,1.799961968803251100e+00,3.237928643903076893e-08
2.800000000000000266e-01,1.799928774099427642e+00,6.005920674014697285e-08
2.999999999999999889e-01,1.799867275564857705e+00,1.108130373007637604e-07
3.200000000000000067e-01,1.799754643549420274e+00,2.027736256267082189e-07
3.400000000000000244e-01,1.799552839200518006e+00,3.656926650372633286e-07
3.599999999999999867e-01,1.799201300325719011e+00,6.461355226961159715e-07
3.800000000000000044e-01,1.798610174263507222e+00,1.111770981353492015e-06
4.000000000000000222e-01,1.797662434905266782e+00,1.848123105564026953e-06
4.199999999999999845e-01,1.796225635920168484e+00,2.947695896707270076e-06
4.400000000000000022e-01,1.794173080246821206e+00,4.492265384701040852e-06
4.600000000000000200e-01,1.791422199825353667e+00,6.523224735599453806e-06
4.799999999999999822e-01,1.787938640199827622e+00,9.040085821516334537e-06
5.000000000000000000e-01,1.783667383348693791e+00,1.205323506046314552e-05
5.200000000000000178e-01,1.778624908753747569e+00,1.551564332261146670e-05
5.400000000000000355e-01,1.772813155663045093e+00,1.938783431150068346e-05
5.600000000000000533e-01,1.766210086891516484e+00,2.364327450762679106e-05
5.799999999999999600e-01,1.758823480412577078e+00,2.822929077329244105e-05
5.999999999999999778e-01,1.750596607107344216e+00,3.313177289247426949e-05
6.199999999999999956e-01,1.741500610533744275e+00,3.830797311552896426e-05
6.400000000000000133e-01,1.731458062929227992e+00,4.373705665191854672e-05
6.600000000000000311e-01,1.720358329385280438e+00,4.940178105368656764e-05
6.800000000000000488e-01,1.708085644150648674e+00,5.526867303861774424e-05
6.999999999999999556e-01,1.694437476870013004e+00,6.132821669875085520e-05
7.199999999999999734e-01,1.679162246852121454e+00,6.755431890520680472e-05
7.399999999999999911e-01,1.661898027227124430e+00,7.392312549788584996e-05
7.600000000000000089e-01,1.642087540316822913e+00,8.041754351697204262e-05
7.800000000000000266e-01,1.618847593335744683e+00,8.701643673818220792e-05
8.000000000000000444e-01,1.590662942128373114e+00,9.368926743117142280e-05
8.199999999999999512e-01,1.554511283111697839e+00,1.004107541602955694e-04
8.399999999999999689e-01,1.503192339333911054e+00,1.070900547945990809e-04
8.599999999999999867e-01,1.410402246814060012e+00,1.134215483009403872e-04
8.800000000000000044e-01,1.136862895839886978e+00,1.177076444210715890e-04
9.000000000000000222e-01,6.740708953100044143e-01,1.182076176496621846e-04
9.200000000000000400e-01,3.632653075840768242e-01,1.146349859596047728e-04
9.399999999999999467e-01,2.679832062567911177e-01,1.083221483533652885e-04
9.599999999999999645e-01,2.194318115827465221e-01,1.015792122726534455e-04
9.799999999999999822e-01,1.862586958888245992e-01,9.479121026815382129e-05
1.000000000000000000e+00,1.607935432941165477e-01,8.805437809916015653e-05
1.020000000000000018e+00,1.400292201579081963e-01,8.141781005851254709e-05
1.040000000000000036e+00,1.224796497655156885e-01,7.490931841629950942e-05
1.060000000000000053e+00,1.072995690582775191e-01,6.854793828139790985e-05
1.080000000000000071e+00,9.392403536907421857e-02,6.234719341820845612e-05
1.100000000000000089e+00,8.201233986861138081e-02,5.632737229701361629e-05
1.120000000000000107e+00,7.132698594205080789e-02,5.050664375862454019e-05
1.139999999999999902e+00,6.168417744901783656e-02,4.490121861848471381e-05
1.159999999999999920e+00,5.296641645948864385e-02,3.953518735105217985e-05
1.179999999999999938e+00,4.506645859428829587e-02,3.442110344801204612e-05
1.199999999999999956e+00,3.792682285099494011e-02,2.958710479169228779e-05
1.219999999999999973e+00,3.149418978126604374e-02,2.505327512287475430e-05
1.239999999999999991e+00,2.573083363991236078e-02,2.084250524231340482e-05
1.260000000000000009e+00,2.062086657059208558e-02,1.698624976949901136e-05
1.280000000000000027e+00,1.613895639548098421e-02,1.350419494045558608e-05
1.300000000000000044e+00,1.228772502793040386e-02,1.043298546536228192e-05
1.320000000000000062e+00,9.046163408802003827e-03,7.786573809458274771e-06
1.340000000000000080e+00,6.414220732776279750e-03,5.592541835975399581e-06
1.360000000000000098e+00,4.357657255886453543e-03,3.845736404053589872e-06
1.379999999999999893e+00,2.826260902560248037e-03,2.523041138834866766e-06
1.399999999999999911e+00,1.753642990814057454e-03,1.582698844515931520e-06
1.419999999999999929e+00,1.044927329228635638e-03,9.529786229397062712e-07
1.439999999999999947e+00,6.018237135373529292e-04,5.544113104734979689e-07
1.459999999999999964e+00,3.376298792069021499e-04,3.140635185325326291e-07
1.479999999999999982e+00,1.857645080715908674e-04,1.744286487822519734e-07
1.500000000000000000e+00,1.008282983834344064e-04,9.554170479955768471e-08
1.520000000000000018e+00,5.427110539654210280e-05,5.188248302359548521e-08
1.540000000000000036e+00,2.905582020154135107e-05,2.801688339071888586e-08
1.560000000000000053e+00,1.550358167673758286e-05,1.507481624907525788e-08
1.580000000000000071e+00,8.255063635863097213e-06,8.092399103129924482e-09
1.600000000000000089e+00,4.389961680173401425e-06,4.337727692340926841e-09
1.620000000000000107e+00,2.332891304787214150e-06,2.323017533118583888e-09
1.639999999999999902e+00,1.239333749707074585e-06,1.243420510192630957e-09
1.659999999999999920e+00,6.583576743738279395e-07,6.653989547319378490e-10
1.679999999999999938e+00,3.497889247082712408e-07,3.560726172755727360e-10
1.699999999999999956e+00,1.859058510848113834e-07,1.905735906769839862e-10
1.719999999999999973e+00,9.885160314447338703e-08,1.020277130167883157e-10
1.739999999999999991e+00,5.259345600524442397e-08,5.464635915534861459e-11
1.760000000000000009e+00,2.800184034584220918e-08,2.928491771455053982e-11
1.780000000000000027e+00,1.492092703135357136e-08,1.570422047568396101e-11
1.800000000000000044e+00,7.958049830346542049e-09,8.428065750583647032e-12
