Vg_abs,Id_lin_A_per_um(Vd=0.05),Id_sat_A_per_um(Vd=1.8)
0.000000000000000000e+00,1.789584857840621375e-12,5.618488536077627583e-12
2.500000000000000139e-02,3.834174231633791032e-12,1.223291910795725396e-11
5.000000000000000278e-02,8.226764827130023534e-12,2.666623621406327433e-11
7.500000000000001110e-02,1.767485880827544018e-11,5.818741657161731649e-11
1.000000000000000056e-01,3.801635566021405498e-11,1.270479451192664029e-10
1.250000000000000000e-01,8.184812973388891434e-11,2.775438661872351761e-10
1.499999999999999944e-01,1.763352584904849365e-10,6.064071959944669240e-10
1.749999999999999889e-01,3.800463531573191577e-10,1.324702690810012246e-09
1.999999999999999833e-01,8.191213455342052906e-10,2.891823700984852806e-09
2.249999999999999778e-01,1.764652566395829908e-09,6.303817754029962277e-09
2.499999999999999722e-01,3.797100962887651727e-09,1.370580413796022907e-08
2.749999999999999667e-01,8.151213634284829755e-09,2.966381294483030570e-08
2.999999999999999889e-01,1.742286887596758696e-08,6.369765805171450722e-08
3.250000000000000111e-01,3.695498731468702187e-08,1.349352703267230908e-07
3.500000000000000333e-01,7.732886745713620168e-08,2.790352427378625645e-07
3.750000000000000555e-01,1.580841611223606091e-07,5.567016087239406487e-07
4.000000000000000777e-01,3.112319686788205753e-07,1.055877251602552858e-06
4.250000000000000999e-01,5.795226695516846132e-07,1.879140098241197623e-06
4.500000000000001221e-01,1.003175196811236492e-06,3.115396114826586362e-06
4.750000000000001443e-01,1.597995485990107846e-06,4.808215153954431846e-06
5.000000000000001110e-01,2.344317346357028806e-06,6.976808900477511803e-06
5.250000000000001332e-01,3.201189744765996469e-06,9.594888951879745014e-06
5.500000000000001554e-01,4.121726502833218329e-06,1.263767198426782097e-05
5.750000000000001776e-01,5.070121525440128491e-06,1.606637120901574728e-05
6.000000000000001998e-01,6.021841433230334032e-06,1.984917711008208239e-05
6.250000000000002220e-01,6.961737124970327246e-06,2.395455848025036208e-05
6.500000000000002442e-01,7.881786507592538450e-06,2.835361662838871153e-05
6.750000000000002665e-01,8.776897090153423941e-06,3.302281516927802277e-05
7.000000000000002887e-01,9.645381972855748330e-06,3.793652060868760639e-05
7.250000000000003109e-01,1.048666859249362740e-05,4.307632252343315745e-05
7.500000000000003331e-01,1.130058994852139560e-05,4.841979581338549157e-05
7.750000000000003553e-01,1.208793721376621088e-05,5.395400622259328765e-05
8.000000000000003775e-01,1.284965586877495678e-05,5.966850143041716543e-05
8.250000000000003997e-01,1.358686095333262858e-05,6.554957499409391536e-05
8.500000000000004219e-01,1.430050040096300986e-05,7.158459044294025199e-05
8.750000000000004441e-01,1.499159332619942999e-05,7.776836202489253145e-05
9.000000000000004663e-01,1.566130602324802715e-05,8.409109245763298553e-05
9.250000000000004885e-01,1.631058812759407162e-05,9.054353345994724039e-05
9.500000000000005107e-01,1.694030737573556553e-05,9.711740692948647095e-05
9.750000000000005329e-01,1.755152634498907980e-05,1.038052581391840054e-04
1.000000000000000444e+00,1.814510285908025851e-05,1.106022827666106593e-04
1.025000000000000355e+00,1.872173285157590838e-05,1.175033558246502786e-04
1.050000000000000266e+00,1.928227698915254077e-05,1.245031926752508190e-04
1.075000000000000178e+00,1.982747275666362169e-05,1.315955145555214041e-04
1.100000000000000089e+00,2.035799212150444566e-05,1.387740974453838304e-04
1.125000000000000000e+00,2.087446503833648322e-05,1.460343594301422162e-04
1.149999999999999911e+00,2.137747985324140986e-05,1.533737700350790460e-04
1.174999999999999822e+00,2.186759411135029131e-05,1.607889392875926982e-04
1.199999999999999734e+00,2.234532395297892087e-05,1.682744519858761576e-04
1.224999999999999645e+00,2.281108777295052779e-05,1.758262901235323964e-04
1.249999999999999556e+00,2.326540447917110901e-05,1.834420729120053413e-04
1.274999999999999467e+00,2.370874938103806565e-05,1.911190881237053113e-04
1.299999999999999378e+00,2.414155615289998648e-05,1.988542913849380869e-04
1.324999999999999289e+00,2.456421933806940912e-05,2.066445072871596757e-04
1.349999999999999201e+00,2.497710387267865865e-05,2.144859799104767537e-04
1.374999999999999112e+00,2.538055598342899491e-05,2.223757278292964770e-04
1.399999999999999023e+00,2.577488223052330673e-05,2.303108167008140823e-04
1.424999999999998934e+00,2.616045183602877695e-05,2.382887472745770085e-04
1.449999999999998845e+00,2.653757110707747572e-05,2.463070638952853013e-04
1.474999999999998757e+00,2.690650465759281387e-05,2.543637620214676451e-04
1.499999999999998668e+00,2.726750347824058991e-05,2.624572182344623054e-04
1.524999999999998579e+00,2.762085279460459663e-05,2.705852837077024034e-04
1.549999999999998490e+00,2.796683497516252442e-05,2.787457656956607950e-04
1.574999999999998401e+00,2.830569229138636474e-05,2.869362644834829714e-04
1.599999999999998312e+00,2.863765406225881840e-05,2.951540588181051717e-04
1.624999999999998224e+00,2.896293876834647052e-05,3.033978544926096001e-04
1.649999999999998135e+00,2.928175494115803907e-05,3.116654579218514575e-04
1.674999999999998046e+00,2.959430098696542836e-05,3.199545978590500337e-04
1.699999999999997957e+00,2.990076687886137618e-05,3.282626809135120527e-04
1.724999999999997868e+00,3.020133685933372927e-05,3.365879448523905089e-04
1.749999999999997780e+00,3.049618572975520498e-05,3.449287567789971498e-04
1.774999999999997691e+00,3.078548105349404726e-05,3.532836425160212619e-04
1.799999999999997602e+00,3.106938122928287321e-05,3.616504806173155670e-04
