Vd_abs,Id_Vg0.6,Id_Vg0.9,Id_Vg1.2,Id_Vg1.5,Id_Vg1.8
0.000000000000000000e+00,0.000000000000000000e+00,0.000000000000000000e+00,0.000000000000000000e+00,0.000000000000000000e+00,0.000000000000000000e+00
5.000000000000000278e-02,6.021841433230327256e-06,1.566130602324802715e-05,2.234532395297891410e-05,2.726750347824058991e-05,3.106938122928678311e-05
1.000000000000000056e-01,9.785416717099843076e-06,2.926697282898123813e-05,4.302776948540229670e-05,5.314047862706488461e-05,6.093342252867409132e-05
1.500000000000000222e-01,1.179178224000597271e-05,4.064905338967716341e-05,6.183341486200522518e-05,7.742146996657556007e-05,8.939968633372395994e-05
2.000000000000000111e-01,1.279228108820969011e-05,4.979491221085637651e-05,7.866809511683183669e-05,1.000000729726917775e-04,1.163563019809317923e-04
2.500000000000000000e-01,1.335907636390271652e-05,5.681749790327813844e-05,9.349287580291564166e-05,1.208182315103609384e-04,1.417467543494519572e-04
2.999999999999999889e-01,1.376121497539210284e-05,6.195248118669370000e-05,1.063054227386996565e-04,1.398328046731550384e-04,1.655252031533449206e-04
3.499999999999999778e-01,1.409458243443054190e-05,6.553992931389274971e-05,1.171467563069996726e-04,1.570335484661757681e-04,1.876682668684765830e-04
3.999999999999999667e-01,1.439243574892361841e-05,6.798807670266930852e-05,1.261109309501533889e-04,1.724200057152454216e-04,2.081658604920142146e-04
4.499999999999999556e-01,1.466775420502845627e-05,6.969123206570787142e-05,1.333323065176360105e-04,1.860142241591095937e-04,2.270119685028222916e-04
4.999999999999999445e-01,1.492702342780704700e-05,7.095070683789645816e-05,1.390006233803941160e-04,1.978634388053262757e-04,2.442206227306141075e-04
5.499999999999999334e-01,1.517384695065061590e-05,7.195527162988423278e-05,1.433533846418828328e-04,2.080407312911716820e-04,2.598134198314782988e-04
5.999999999999999778e-01,1.541053340338286083e-05,7.280861950286091424e-05,1.466558251243325049e-04,2.166415947845864391e-04,2.738133024883911896e-04
6.500000000000000222e-01,1.563869749380197502e-05,7.356535744370761248e-05,1.491742997504351582e-04,2.237861297587860339e-04,2.862676323561726219e-04
7.000000000000000666e-01,1.585951237643308916e-05,7.425498726141466666e-05,1.511421262168716412e-04,2.296270459057093711e-04,2.972290872490633172e-04
7.500000000000001110e-01,1.607388016196310514e-05,7.489469235148047310e-05,1.527379983146577320e-04,2.343409936717336637e-04,3.067695745084257262e-04
8.000000000000001554e-01,1.628260667564711489e-05,7.549523735543356082e-05,1.540846891875269776e-04,2.381192430800884352e-04,3.149774777913230293e-04
8.500000000000001998e-01,1.648632890641986201e-05,7.606385088019512590e-05,1.552608448413824002e-04,2.411535250297692265e-04,3.219552861990032070e-04
9.000000000000002442e-01,1.668554229647951876e-05,7.660562457637051076e-05,1.563155629427851574e-04,2.436196198637041342e-04,3.278205761610800974e-04
9.500000000000002887e-01,1.688067055520668877e-05,7.712434798989013405e-05,1.572797326491216514e-04,2.456660920534926656e-04,3.327088982840658107e-04
1.000000000000000222e+00,1.707220526314852461e-05,7.762300712451348866e-05,1.581737528234972308e-04,2.474080479725692359e-04,3.367644817170344562e-04
1.050000000000000266e+00,1.726042783521533210e-05,7.810401012110227607e-05,1.590111030219519984e-04,2.489277530169940527e-04,3.401308169704484971e-04
1.100000000000000311e+00,1.744574403403510016e-05,7.856934688167324654e-05,1.598015206680773346e-04,2.502828438552458256e-04,3.429446645595664225e-04
1.150000000000000355e+00,1.762846286181830554e-05,7.902074590829841032e-05,1.605523001850597017e-04,2.515125736698128932e-04,3.453260511235802161e-04
1.200000000000000400e+00,1.780883404514492925e-05,7.945966114192195683e-05,1.612689156423761580e-04,2.526443824014730651e-04,3.473752803604781333e-04
1.250000000000000444e+00,1.798705775254605776e-05,7.988741336996502368e-05,1.619557063006009628e-04,2.536975433966656029e-04,3.491711939691118311e-04
1.300000000000000488e+00,1.816325340835968046e-05,8.030514699923142926e-05,1.626162776059640169e-04,2.546853109232073112e-04,3.507712223716850778e-04
1.350000000000000533e+00,1.833759021352522687e-05,8.071380150528991088e-05,1.632536500545180307e-04,2.556179121605204859e-04,3.522189267959411067e-04
1.400000000000000577e+00,1.851030607692234610e-05,8.111420524358423643e-05,1.638703986381042851e-04,2.565031020274222032e-04,3.535458507676788307e-04
1.450000000000000622e+00,1.868154835674154120e-05,8.150704348134006042e-05,1.644687092843504352e-04,2.573475064078198133e-04,3.547750347917609883e-04
1.500000000000000666e+00,1.885145892129689544e-05,8.189297410076956391e-05,1.650505467521261587e-04,2.581561817596556658e-04,3.559232370894996312e-04
1.550000000000000711e+00,1.902018485651738947e-05,8.227252413520214655e-05,1.656176394351402913e-04,2.589333761794125805e-04,3.570024128904400267e-04
1.600000000000000755e+00,1.918783524764453783e-05,8.264618887245126974e-05,1.661713596735463227e-04,2.596826765034762423e-04,3.580225213424082582e-04
1.650000000000000799e+00,1.935446721225214393e-05,8.301443842080184808e-05,1.667128845496975798e-04,2.604072390388528281e-04,3.589914263107728894e-04
1.700000000000000844e+00,1.952016145666711706e-05,8.337768366064212051e-05,1.672432480550743901e-04,2.611096593572324789e-04,3.599151587680827049e-04
1.750000000000000888e+00,1.968503899843538320e-05,8.373646988027273817e-05,1.677634539022896689e-04,2.617922730803065264e-04,3.607999884811070521e-04
1.800000000000000933e+00,1.984917711008208239e-05,8.409109245763298553e-05,1.682744519858761576e-04,2.624572182344623054e-04,3.616504806173155670e-04
